<!--
# -*- Buildfile -*-
# @file  build_controlPanel.xml
# @brief RTComponent makefile for "controlPanel component"
# @date  $Date$
#
# $Id$
 -->
<project name="controlPanel" default="compile">
	<property name="source" value="src" />
	<property name="dest" value="bin" />
	<property environment="env" />

	<target name="mkdir">
		<mkdir dir="${dest}" />
	</target>


	<target name="compile" depends="mkdir">
		<javac srcdir="${source}" destdir="${dest}">
			<classpath>
				<fileset dir="${env.RTM_JAVA_ROOT}/jar">
					<include name="*.jar"/>
				</fileset>
			</classpath>
		</javac>
	</target>
</project>
