<?xml version="1.0" encoding="UTF-8" standalone="yes"?>
<rtc:RtcProfile rtc:version="0.2" rtc:id="RTC:Masaru Tatekawa(SIT):UI:controlPanel:1.1.0" xmlns:rtcExt="http://www.openrtp.org/namespaces/rtc_ext" xmlns:rtcDoc="http://www.openrtp.org/namespaces/rtc_doc" xmlns:rtc="http://www.openrtp.org/namespaces/rtc" xmlns:xsi="http://www.w3.org/2001/XMLSchema-instance">
    <rtc:BasicInfo xsi:type="rtcExt:basic_info_ext" rtcExt:saveProject="controlPanel" rtc:updateDate="2014-10-31T13:06:47+09:00" rtc:creationDate="2014-10-31T13:06:47+09:00" rtc:version="1.1.0" rtc:vendor="Masaru Tatekawa(SIT)" rtc:maxInstances="1" rtc:executionType="PeriodicExecutionContext" rtc:executionRate="1000.0" rtc:description="AAA" rtc:category="UI" rtc:componentKind="DataFlowComponent" rtc:activityType="PERIODIC" rtc:componentType="UNIQUE" rtc:name="controlPanel">
        <rtcDoc:Doc rtcDoc:reference="" rtcDoc:license="" rtcDoc:creator="SSS" rtcDoc:algorithm="QQQ" rtcDoc:inout="RRR" rtcDoc:description="PPP"/>
        <rtcExt:VersionUpLogs></rtcExt:VersionUpLogs>
    </rtc:BasicInfo>
    <rtc:Actions>
        <rtc:OnInitialize xsi:type="rtcDoc:action_status_doc" rtc:implemented="true"/>
        <rtc:OnFinalize xsi:type="rtcDoc:action_status_doc" rtc:implemented="false"/>
        <rtc:OnStartup xsi:type="rtcDoc:action_status_doc" rtc:implemented="false"/>
        <rtc:OnShutdown xsi:type="rtcDoc:action_status_doc" rtc:implemented="false"/>
        <rtc:OnActivated xsi:type="rtcDoc:action_status_doc" rtc:implemented="true">
            <rtcDoc:Doc rtcDoc:postCondition="" rtcDoc:preCondition="" rtcDoc:description="BBB"/>
        </rtc:OnActivated>
        <rtc:OnDeactivated xsi:type="rtcDoc:action_status_doc" rtc:implemented="true">
            <rtcDoc:Doc rtcDoc:postCondition="" rtcDoc:preCondition="" rtcDoc:description="CCC"/>
        </rtc:OnDeactivated>
        <rtc:OnAborting xsi:type="rtcDoc:action_status_doc" rtc:implemented="false"/>
        <rtc:OnError xsi:type="rtcDoc:action_status_doc" rtc:implemented="false"/>
        <rtc:OnReset xsi:type="rtcDoc:action_status_doc" rtc:implemented="true">
            <rtcDoc:Doc rtcDoc:postCondition="" rtcDoc:preCondition="" rtcDoc:description="DDD"/>
        </rtc:OnReset>
        <rtc:OnExecute xsi:type="rtcDoc:action_status_doc" rtc:implemented="true">
            <rtcDoc:Doc rtcDoc:postCondition="" rtcDoc:preCondition="" rtcDoc:description="EEE"/>
        </rtc:OnExecute>
        <rtc:OnStateUpdate xsi:type="rtcDoc:action_status_doc" rtc:implemented="false"/>
        <rtc:OnRateChanged xsi:type="rtcDoc:action_status_doc" rtc:implemented="false"/>
        <rtc:OnAction xsi:type="rtcDoc:action_status_doc" rtc:implemented="false"/>
        <rtc:OnModeChanged xsi:type="rtcDoc:action_status_doc" rtc:implemented="false"/>
    </rtc:Actions>
    <rtc:DataPorts xsi:type="rtcExt:dataport_ext" rtcExt:position="LEFT" rtcExt:variableName="src_img" rtc:unit="" rtc:subscriptionType="" rtc:dataflowType="" rtc:interfaceType="" rtc:idlFile="" rtc:type="RTC::CameraImage" rtc:name="srcImage" rtc:portType="DataInPort">
        <rtcDoc:Doc rtcDoc:operation="" rtcDoc:occerrence="" rtcDoc:unit="" rtcDoc:semantics="FFF2" rtcDoc:number="1" rtcDoc:type="CameraImage" rtcDoc:description="FFF1"/>
    </rtc:DataPorts>
    <rtc:DataPorts xsi:type="rtcExt:dataport_ext" rtcExt:position="LEFT" rtcExt:variableName="src_img_path" rtc:unit="" rtc:subscriptionType="" rtc:dataflowType="" rtc:interfaceType="" rtc:idlFile="" rtc:type="RTC::TimedString" rtc:name="srcImagePath" rtc:portType="DataInPort">
        <rtcDoc:Doc rtcDoc:operation="" rtcDoc:occerrence="" rtcDoc:unit="" rtcDoc:semantics="GGG2" rtcDoc:number="1" rtcDoc:type="TimedString" rtcDoc:description="GGG1"/>
    </rtc:DataPorts>
    <rtc:DataPorts xsi:type="rtcExt:dataport_ext" rtcExt:position="LEFT" rtcExt:variableName="modi_img" rtc:unit="" rtc:subscriptionType="" rtc:dataflowType="" rtc:interfaceType="" rtc:idlFile="" rtc:type="RTC::CameraImage" rtc:name="modifyImage" rtc:portType="DataInPort">
        <rtcDoc:Doc rtcDoc:operation="" rtcDoc:occerrence="" rtcDoc:unit="" rtcDoc:semantics="HHH2" rtcDoc:number="1" rtcDoc:type="CameraImage" rtcDoc:description="HHH1"/>
    </rtc:DataPorts>
    <rtc:DataPorts xsi:type="rtcExt:dataport_ext" rtcExt:position="LEFT" rtcExt:variableName="modi_img_path" rtc:unit="" rtc:subscriptionType="" rtc:dataflowType="" rtc:interfaceType="" rtc:idlFile="" rtc:type="RTC::TimedString" rtc:name="modifyImagePath" rtc:portType="DataInPort">
        <rtcDoc:Doc rtcDoc:operation="" rtcDoc:occerrence="" rtcDoc:unit="" rtcDoc:semantics="III2" rtcDoc:number="" rtcDoc:type="" rtcDoc:description="III1"/>
    </rtc:DataPorts>
    <rtc:DataPorts xsi:type="rtcExt:dataport_ext" rtcExt:position="LEFT" rtcExt:variableName="comp_img" rtc:unit="" rtc:subscriptionType="" rtc:dataflowType="" rtc:interfaceType="" rtc:idlFile="" rtc:type="RTC::CameraImage" rtc:name="completeImage" rtc:portType="DataInPort">
        <rtcDoc:Doc rtcDoc:operation="" rtcDoc:occerrence="" rtcDoc:unit="" rtcDoc:semantics="JJJ2" rtcDoc:number="1" rtcDoc:type="CameraImage" rtcDoc:description="JJJ1"/>
    </rtc:DataPorts>
    <rtc:DataPorts xsi:type="rtcExt:dataport_ext" rtcExt:position="LEFT" rtcExt:variableName="comp_img_path" rtc:unit="" rtc:subscriptionType="" rtc:dataflowType="" rtc:interfaceType="" rtc:idlFile="" rtc:type="RTC::TimedString" rtc:name="completeImagePath" rtc:portType="DataInPort">
        <rtcDoc:Doc rtcDoc:operation="" rtcDoc:occerrence="" rtcDoc:unit="" rtcDoc:semantics="KKK2" rtcDoc:number="1" rtcDoc:type="TimedString" rtcDoc:description="KKK1"/>
    </rtc:DataPorts>
    <rtc:DataPorts xsi:type="rtcExt:dataport_ext" rtcExt:position="RIGHT" rtcExt:variableName="open_file_path" rtc:unit="" rtc:subscriptionType="" rtc:dataflowType="" rtc:interfaceType="" rtc:idlFile="" rtc:type="RTC::TimedString" rtc:name="openFilePath" rtc:portType="DataOutPort">
        <rtcDoc:Doc rtcDoc:operation="" rtcDoc:occerrence="" rtcDoc:unit="" rtcDoc:semantics="LLL2" rtcDoc:number="1" rtcDoc:type="TimedString" rtcDoc:description="LLL1"/>
    </rtc:DataPorts>
    <rtc:DataPorts xsi:type="rtcExt:dataport_ext" rtcExt:position="RIGHT" rtcExt:variableName="temp_space_path" rtc:unit="" rtc:subscriptionType="" rtc:dataflowType="" rtc:interfaceType="" rtc:idlFile="" rtc:type="RTC::TimedString" rtc:name="tempFolderPath" rtc:portType="DataOutPort">
        <rtcDoc:Doc rtcDoc:operation="" rtcDoc:occerrence="" rtcDoc:unit="" rtcDoc:semantics="MMM2" rtcDoc:number="1" rtcDoc:type="TimedString" rtcDoc:description="MMM1"/>
    </rtc:DataPorts>
    <rtc:DataPorts xsi:type="rtcExt:dataport_ext" rtcExt:position="RIGHT" rtcExt:variableName="click_point" rtc:unit="" rtc:subscriptionType="" rtc:dataflowType="" rtc:interfaceType="" rtc:idlFile="" rtc:type="RTC::TimedPoint3D" rtc:name="clickPoint" rtc:portType="DataOutPort">
        <rtcDoc:Doc rtcDoc:operation="" rtcDoc:occerrence="" rtcDoc:unit="" rtcDoc:semantics="NNN2" rtcDoc:number="1" rtcDoc:type="TimedPoint3D" rtcDoc:description="NNN1"/>
    </rtc:DataPorts>
    <rtc:DataPorts xsi:type="rtcExt:dataport_ext" rtcExt:position="RIGHT" rtcExt:variableName="drag_rect" rtc:unit="" rtc:subscriptionType="" rtc:dataflowType="" rtc:interfaceType="" rtc:idlFile="" rtc:type="RTC::TimedShortSeq" rtc:name="dragRectangle" rtc:portType="DataOutPort">
        <rtcDoc:Doc rtcDoc:operation="" rtcDoc:occerrence="" rtcDoc:unit="" rtcDoc:semantics="OOO1" rtcDoc:number="4" rtcDoc:type="TimedShortSeq" rtcDoc:description="OOO1"/>
    </rtc:DataPorts>
    <rtc:Language xsi:type="rtcExt:language_ext" rtc:kind="Java"/>
</rtc:RtcProfile>
